1,2.24e-07,2.16e-07,1.86e-07
2,1.09e-07,1.835e-07,1.43e-07
3,9.7e-08,1.70333e-07,1.21333e-07
4,1e-07,1.6225e-07,1.07e-07
5,1.034e-07,1.548e-07,1.03e-07
6,1.07667e-07,1.555e-07,9.95e-08
7,1.18143e-07,1.60143e-07,6.68571e-08
8,7.175e-08,1.0225e-07,5.9875e-08
9,7.28889e-08,1.02e-07,5.84444e-08
10,7.66e-08,1.06e-07,5.95e-08
11,7.86364e-08,1.01636e-07,5.99091e-08
12,8.05833e-08,1.04667e-07,5.825e-08
13,8.62308e-08,1.01308e-07,5.76154e-08
14,8.87857e-08,9.98571e-08,5.76429e-08
15,9.14e-08,1.03933e-07,5.95333e-08
16,9.79375e-08,1.11437e-07,5.6e-08
17,9.85882e-08,1.06765e-07,5.57647e-08
18,1.04056e-07,1.06278e-07,5.62222e-08
19,1.08053e-07,1.10947e-07,5.65789e-08
20,1.121e-07,1.084e-07,5.55e-08
21,1.14905e-07,1.05762e-07,5.65238e-08
22,1.17864e-07,1.07636e-07,5.56364e-08
23,1.25087e-07,1.07478e-07,5.47826e-08
24,1.27667e-07,1.12042e-07,5.53333e-08
25,1.3196e-07,1.0796e-07,5.476e-08
26,1.35192e-07,1.13038e-07,5.59615e-08
27,1.40889e-07,1.06593e-07,5.58519e-08
28,1.40714e-07,1.10929e-07,5.37857e-08
29,1.45793e-07,1.12103e-07,5.65517e-08
30,1.51933e-07,1.10333e-07,5.47667e-08
31,1.54e-07,1.08677e-07,5.4129e-08
32,1.60781e-07,1.12938e-07,5.55625e-08
33,1.61667e-07,1.13212e-07,5.39394e-08
34,1.66206e-07,1.13882e-07,5.38235e-08
35,1.70886e-07,1.11314e-07,5.38857e-08
36,1.74389e-07,1.09611e-07,5.46389e-08
37,1.76892e-07,1.16081e-07,5.52973e-08
38,1.81658e-07,1.09842e-07,5.36579e-08
39,1.87667e-07,1.13692e-07,5.38974e-08
40,1.9035e-07,1.167e-07,5.35e-08
41,1.93146e-07,1.16488e-07,5.29268e-08
42,1.985e-07,1.11976e-07,5.41429e-08
43,2.02791e-07,1.15814e-07,5.25349e-08
44,2.05864e-07,1.13455e-07,5.41591e-08
45,2.11822e-07,1.11889e-07,4.89822e-07
46,2.17217e-07,1.145e-07,5.23043e-08
47,2.17532e-07,1.13723e-07,5.4234e-08
48,2.21875e-07,1.15021e-07,5.41458e-08
49,2.23959e-07,1.18694e-07,5.1898e-08
50,2.3258e-07,1.158e-07,5.296e-08
51,2.35529e-07,1.18275e-07,5.18824e-08
52,2.37673e-07,1.18173e-07,5.18846e-08
53,2.41245e-07,1.1983e-07,5.25094e-08
54,2.45241e-07,1.18333e-07,5.27778e-08
55,2.52145e-07,1.18509e-07,5.32e-08
56,2.55607e-07,1.18964e-07,1.58321e-07
57,2.58912e-07,1.19053e-07,5.39825e-08
58,2.62397e-07,1.17431e-07,5.32241e-08
59,2.66203e-07,1.16898e-07,5.29322e-08
60,2.69133e-07,1.19283e-07,5.17667e-08
61,2.75393e-07,1.1559e-07,5.34918e-08
62,2.78468e-07,1.18097e-07,5.23548e-08
63,2.83841e-07,1.1581e-07,5.3381e-08
64,2.86219e-07,1.17891e-07,5.20156e-08
65,2.92815e-07,1.18e-07,5.14308e-08
66,2.94894e-07,1.18242e-07,5.32273e-08
67,2.98179e-07,1.19269e-07,5.31791e-08
68,3.05206e-07,1.18853e-07,5.25882e-08
69,3.05783e-07,1.19826e-07,5.31014e-08
70,3.10157e-07,1.21843e-07,5.23286e-08
71,3.13338e-07,1.21366e-07,5.27324e-08
72,3.18694e-07,1.19236e-07,5.30278e-08
73,3.2137e-07,1.21014e-07,5.17671e-08
74,3.25946e-07,1.19041e-07,5.18919e-08
75,3.2972e-07,1.1844e-07,5.172e-08
76,3.33882e-07,1.20947e-07,5.28816e-08
77,3.41675e-07,1.20481e-07,5.16753e-08
78,3.41897e-07,1.21167e-07,5.17051e-08
79,3.46658e-07,1.19608e-07,5.16582e-08
80,3.50138e-07,1.185e-07,5.1675e-08
81,3.53765e-07,1.2316e-07,5.27901e-08
82,3.58e-07,1.21e-07,5.16829e-08
83,3.63337e-07,1.21928e-07,5.27711e-08
84,3.66976e-07,1.22905e-07,5.175e-08
85,3.722e-07,1.21141e-07,5.22e-08
86,3.73907e-07,1.22105e-07,5.11395e-08
87,3.78345e-07,1.22368e-07,5.13908e-08
88,3.8167e-07,1.22148e-07,5.07955e-08
89,3.86506e-07,1.20551e-07,5.14719e-08
90,3.89522e-07,1.20656e-07,5.20667e-08
91,3.93758e-07,1.25154e-07,5.18462e-08
92,4.01652e-07,1.21533e-07,5.21848e-08
93,4.02978e-07,1.21903e-07,5.18495e-08
94,4.10819e-07,1.23128e-07,5.32021e-08
95,4.11168e-07,1.25379e-07,5.18526e-08
96,4.14479e-07,1.25365e-07,5.1625e-08
97,4.18887e-07,1.23206e-07,5.21546e-08
98,4.22847e-07,1.22153e-07,5.15e-08
99,7.07182e-07,2.71283e-07,5.10606e-08
100,4.3404e-07,1.2359e-07,5.207e-08
101,4.37168e-07,1.26554e-07,5.33465e-08
102,4.38127e-07,1.24578e-07,5.21569e-08
103,4.44223e-07,1.23427e-07,5.24369e-08
104,4.69548e-07,1.24135e-07,5.18365e-08
105,4.50886e-07,1.24476e-07,5.16952e-08
106,4.54868e-07,1.23642e-07,5.13679e-08
107,4.58327e-07,1.24411e-07,5.21869e-08
108,4.62074e-07,1.23667e-07,5.19259e-08
109,4.67615e-07,1.26697e-07,5.10367e-08
110,4.75782e-07,1.282e-07,5.16182e-08
111,4.79477e-07,1.21865e-07,5.15225e-08
112,4.83143e-07,1.24116e-07,5.24107e-08
113,4.84327e-07,1.25655e-07,5.19204e-08
114,4.86754e-07,1.24895e-07,5.14123e-08
115,4.9153e-07,1.25122e-07,5.20783e-08
116,4.94448e-07,1.23612e-07,5.09052e-08
117,4.98145e-07,1.2559e-07,5.1547e-08
118,5.03864e-07,1.26051e-07,5.5839e-08
119,5.06647e-07,1.26126e-07,5.69412e-08
120,5.11275e-07,1.249e-07,5.21917e-08
121,5.14174e-07,1.26438e-07,5.14132e-08
122,5.20967e-07,1.28254e-07,5.1418e-08
123,5.27878e-07,1.29878e-07,5.22602e-08
124,8.67548e-07,1.26516e-07,5.42984e-08
125,5.37408e-07,1.36384e-07,6.488e-08
126,5.42651e-07,1.29238e-07,5.3381e-08
127,5.4485e-07,1.28047e-07,5.12598e-08
128,5.49383e-07,1.28352e-07,5.46172e-08
129,7.81302e-07,1.68116e-07,1.69682e-07
130,1.21993e-06,1.49908e-07,6.18615e-08
131,1.22625e-06,1.61298e-07,5.97252e-08
132,5.61417e-07,2.98697e-07,5.61591e-08
133,1.05414e-06,1.27571e-07,5.23459e-08
134,8.34724e-07,2.88657e-07,5.12985e-08
135,5.83719e-07,1.27556e-07,5.04444e-08
136,5.98544e-07,3.60081e-07,5.83015e-08
137,7.67234e-07,1.5508e-07,7.88467e-08
138,1.03217e-06,1.25486e-07,5.07174e-08
139,5.8846e-07,8.11223e-07,3.23986e-07
140,1.06633e-06,1.28886e-07,5.27214e-08
141,6.23454e-07,3.53255e-07,5.63475e-08
142,1.2207e-06,1.41486e-07,1.71627e-07
143,6.12846e-07,1.28538e-07,5.15105e-08
144,9.82132e-07,1.30972e-07,5.32431e-08
145,6.22869e-07,1.34483e-07,6.40966e-08
146,6.47808e-07,1.53199e-07,5.46986e-08
147,6.6351e-07,1.5366e-07,8.7381e-08
148,6.4073e-07,1.87135e-07,6.83041e-08
149,6.47295e-07,1.5347e-07,6.67315e-08
150,6.52947e-07,1.58193e-07,7.496e-08
151,9.43689e-07,4.50748e-07,1.95848e-07
152,6.58454e-07,1.55737e-07,7.05592e-08
153,1.1412e-06,1.75882e-07,6.74248e-08
154,1.02308e-06,1.58617e-07,7.41299e-08
155,1.11203e-06,1.32026e-07,5.13613e-08
156,8.88506e-07,1.29878e-07,5.41026e-08
157,8.93076e-07,1.28433e-07,5.09682e-08
158,7.15791e-07,1.34791e-07,5.67089e-08
159,6.88824e-07,1.29648e-07,5.11509e-08
160,6.74537e-07,1.309e-07,5.06125e-08
161,6.79447e-07,1.29112e-07,5.13043e-08
162,6.80821e-07,1.2821e-07,5.13951e-08
163,6.85718e-07,1.29877e-07,6.01288e-08
164,7.13854e-07,1.29262e-07,5.24817e-08
165,6.93782e-07,1.32303e-07,5.68e-08
166,6.89e-07,1.31512e-07,5.17952e-08
167,7.10982e-07,1.28359e-07,5.47964e-08
168,7.06e-07,1.30589e-07,5.1619e-08
169,7.09391e-07,1.29479e-07,5.19467e-08
170,7.15912e-07,1.33088e-07,5.38882e-08
171,7.18725e-07,1.3252e-07,5.14035e-08
172,7.22413e-07,1.29174e-07,5.08721e-08
173,7.28486e-07,1.30861e-07,5.54913e-08
174,7.49224e-07,1.29707e-07,5.10862e-08
175,7.3752e-07,1.39457e-07,5.35257e-08
176,7.42659e-07,1.35063e-07,5.25511e-08
177,7.50893e-07,1.32898e-07,5.36949e-08
178,7.57354e-07,1.30343e-07,5.23483e-08
179,7.55045e-07,1.31168e-07,5.06257e-08
180,7.54189e-07,1.31672e-07,5.47167e-08
181,7.75221e-07,1.31006e-07,5.09227e-08
182,7.68791e-07,1.31538e-07,5.43077e-08
183,7.71459e-07,1.31306e-07,5.4623e-08
184,7.7763e-07,1.32288e-07,6.56087e-08
185,7.75886e-07,1.32065e-07,5.60378e-08
186,1.09577e-06,1.4279e-07,1.29565e-07
187,7.82374e-07,1.40219e-07,5.48075e-08
188,7.86218e-07,1.31452e-07,5.16223e-08
189,8.11524e-07,1.35265e-07,5.62381e-08
190,7.93105e-07,1.29174e-07,4.98368e-08
191,7.97712e-07,1.30927e-07,5.1377e-08
192,8.09385e-07,1.33547e-07,5.175e-08
193,8.07358e-07,1.31492e-07,5.13834e-08
194,8.12381e-07,1.29247e-07,5.55928e-08
195,8.13251e-07,1.37241e-07,5.06769e-08
196,8.17857e-07,1.33704e-07,5.02092e-08
197,9.36766e-07,1.3265e-07,5.69188e-08
198,8.35732e-07,1.31586e-07,5.09091e-08
199,8.31136e-07,1.39819e-07,5.03015e-08
200,1.04605e-06,1.44345e-07,5.22e-08
201,8.40199e-07,1.31204e-07,5.35075e-08
202,8.43223e-07,1.37446e-07,5.23564e-08
203,8.48419e-07,1.4665e-07,5.42512e-08
204,8.51985e-07,1.4349e-07,5.53529e-08
205,1.31506e-06,2.30429e-07,1.394e-07
206,8.8617e-07,1.47612e-07,5.37573e-08
207,8.63082e-07,1.51594e-07,5.19517e-08
208,8.81077e-07,2.51168e-07,2.24034e-07
209,1.54996e-06,2.98842e-07,6.66794e-08
210,1.21182e-06,1.73386e-07,7.30048e-08
211,8.77275e-07,1.39341e-07,5.06303e-08
212,8.81231e-07,1.30873e-07,4.99292e-08
213,8.84793e-07,1.32826e-07,5.12723e-08
214,8.90327e-07,1.39874e-07,5.40888e-08
215,8.99335e-07,1.40321e-07,5.25721e-08
216,9.14269e-07,1.32329e-07,4.99491e-08
217,9.07429e-07,1.47714e-07,5.10415e-08
218,9.0583e-07,1.39945e-07,5.01606e-08
219,9.09443e-07,1.35575e-07,5.78858e-08
220,9.15827e-07,1.37691e-07,5.08136e-08
221,9.32208e-07,1.59796e-07,5.87104e-08
222,9.41617e-07,1.84446e-07,7.68784e-08
223,9.43291e-07,1.44126e-07,5.13812e-08
224,9.34759e-07,1.47594e-07,5.07857e-08
225,9.38698e-07,1.43467e-07,5.24844e-08
226,1.38865e-06,3.32075e-07,5.8177e-08
227,9.70806e-07,1.74546e-07,6.06388e-08
228,9.92145e-07,2.15684e-07,6.96623e-08
229,9.97131e-07,2.06681e-07,7.58297e-08
230,9.90196e-07,1.74617e-07,5.36957e-08
231,9.89996e-07,1.84074e-07,7.3e-08
232,9.93978e-07,1.81259e-07,7.64655e-08
233,1.25519e-06,1.33236e-07,5.11717e-08
234,9.7991e-07,1.33034e-07,5.1141e-08
235,1.19034e-06,2.14055e-07,5.38043e-08
236,1.00543e-06,1.32564e-07,5.12034e-08
237,9.81186e-07,1.4727e-07,5.57932e-08
238,9.96676e-07,1.36782e-07,5.00966e-08
239,9.88707e-07,1.32904e-07,5.00418e-08
240,9.97554e-07,1.39092e-07,5.01e-08
241,1.00046e-06,1.37697e-07,5.03527e-08
242,1.00634e-06,1.46793e-07,5.37025e-08
243,1.01954e-06,1.38045e-07,5.30453e-08
244,1.01088e-06,1.34201e-07,4.99754e-08
245,1.26229e-06,1.51359e-07,6.29918e-08
246,1.07123e-06,1.67634e-07,6.26504e-08
247,1.13393e-06,2.0764e-07,6.83968e-08
248,1.05344e-06,2.00274e-07,7.95323e-08
249,1.32204e-06,2.00928e-07,7.19679e-08
250,1.05911e-06,1.87588e-07,7.6328e-08
251,1.31928e-06,2.52641e-07,7.64263e-08
252,1.06082e-06,2.17052e-07,8.89603e-08
253,1.32937e-06,2.55996e-07,1.5766e-07
254,1.04972e-06,1.39236e-07,5.03425e-08
255,1.05471e-06,1.37702e-07,5.11608e-08
256,1.05771e-06,1.38762e-07,5.13203e-08
257,1.06224e-06,1.367e-07,5.10272e-08
258,1.08043e-06,1.37275e-07,5.07403e-08
259,1.08505e-06,1.35676e-07,5.08069e-08
260,1.08932e-06,1.35281e-07,5.105e-08
261,1.09144e-06,1.34031e-07,5.04981e-08
262,1.08257e-06,1.35626e-07,5.00878e-08
263,1.13371e-06,1.37475e-07,1.89719e-07
264,1.10379e-06,1.35545e-07,4.96553e-08
265,1.09514e-06,1.34943e-07,5.06e-08
266,1.09886e-06,1.33917e-07,5.06842e-08
267,1.10248e-06,1.36648e-07,5.18989e-08
268,1.10682e-06,1.36041e-07,5.08209e-08
269,1.11059e-06,1.35792e-07,5.18773e-08
270,1.11493e-06,1.35685e-07,5.0737e-08
271,1.1195e-06,1.34546e-07,5.01993e-08
272,1.12276e-06,1.34088e-07,5.00257e-08
273,1.1273e-06,1.37198e-07,5.09927e-08
274,1.13111e-06,1.35818e-07,5.15839e-08
275,1.14719e-06,1.40876e-07,5.16655e-08
276,1.14073e-06,1.3629e-07,5.00942e-08
277,1.14335e-06,1.35646e-07,5.04332e-08
278,1.14722e-06,1.36295e-07,5.09892e-08
279,1.16666e-06,1.37803e-07,5.09391e-08
280,1.15776e-06,1.42446e-07,4.93143e-08
281,1.15914e-06,1.36039e-07,5.10712e-08
282,1.19638e-06,1.4067e-07,5.14965e-08
283,1.17788e-06,1.45004e-07,5.74947e-08
284,1.17227e-06,1.39739e-07,5.17359e-08
285,1.17591e-06,1.40435e-07,5.12632e-08
286,1.20715e-06,1.41406e-07,5.34196e-08
287,1.18354e-06,1.42589e-07,5.0324e-08
288,1.18818e-06,1.36875e-07,5.16285e-08
289,1.19205e-06,1.36675e-07,5.1263e-08
290,1.19698e-06,1.37279e-07,5.05207e-08
291,1.20026e-06,1.38979e-07,5.16323e-08
292,1.20611e-06,1.37993e-07,5.16027e-08
293,1.20938e-06,1.38922e-07,5.16485e-08
294,1.22058e-06,1.3767e-07,5.1068e-08
295,1.21494e-06,1.37919e-07,5.10034e-08
296,1.21948e-06,1.37899e-07,5.15405e-08
297,1.22399e-06,1.38754e-07,5.11077e-08
298,1.22894e-06,1.37473e-07,5.06443e-08
299,1.23257e-06,1.41595e-07,5.52809e-08
300,1.25477e-06,1.42183e-07,5.42533e-08
301,1.25752e-06,1.44478e-07,5.22857e-08
302,1.24655e-06,1.38675e-07,5.39139e-08
303,1.25531e-06,1.45914e-07,5.26997e-08
304,1.26373e-06,1.44207e-07,5.18717e-08
305,1.25899e-06,1.39872e-07,5.02066e-08
306,1.26519e-06,1.43507e-07,5.26667e-08
307,1.30104e-06,1.53599e-07,5.71042e-08
308,1.4132e-06,1.4586e-07,5.29513e-08
309,1.30202e-06,1.40107e-07,5.19871e-08
310,1.30653e-06,1.40642e-07,5.26516e-08
311,1.32528e-06,1.6172e-07,5.10514e-08
312,1.30549e-06,1.38179e-07,5.26955e-08
313,1.29441e-06,1.3769e-07,5.34153e-08
314,1.33532e-06,1.46395e-07,5.41401e-08
315,1.35952e-06,1.50727e-07,5.52444e-08
316,1.34884e-06,1.40731e-07,5.25158e-08
317,1.33509e-06,1.45615e-07,5.11546e-08
318,1.36779e-06,1.4056e-07,5.04497e-08
319,1.8996e-06,1.55056e-07,5.25392e-08
320,1.35801e-06,2.23719e-07,1.0635e-07
321,2.06438e-06,3.00206e-07,1.02237e-07
322,1.36148e-06,1.39472e-07,5.23727e-08
323,1.33068e-06,1.42495e-07,5.06099e-08
324,1.33185e-06,1.40367e-07,5.08179e-08
325,1.35076e-06,1.76375e-07,5.96062e-08
326,1.50667e-06,2.30206e-07,7.7819e-08
327,1.62245e-06,2.81514e-07,1.76171e-07
328,1.4087e-06,2.22896e-07,8.00366e-08
329,1.35468e-06,1.41781e-07,5.08176e-08
330,1.35682e-06,1.38609e-07,5.06758e-08
331,1.37134e-06,1.401e-07,5.16284e-08
332,1.43637e-06,1.50446e-07,5.4494e-08
333,1.40084e-06,1.44538e-07,5.4958e-08
334,1.42488e-06,1.43862e-07,5.26976e-08
335,1.4093e-06,1.44809e-07,9.17522e-08
336,1.38193e-06,1.45732e-07,5.07113e-08
337,1.41772e-06,1.42804e-07,5.26202e-08
338,1.43181e-06,1.43047e-07,5.16893e-08
339,1.42995e-06,1.46968e-07,5.35192e-08
340,1.42998e-06,1.42782e-07,5.18353e-08
341,1.49907e-06,1.47648e-07,5.41437e-08
342,1.52522e-06,1.4338e-07,5.24357e-08
343,1.44334e-06,1.44679e-07,5.13732e-08
344,1.44633e-06,1.45151e-07,5.18837e-08
345,1.49647e-06,1.47959e-07,5.30986e-08
346,1.47398e-06,1.42457e-07,5.16012e-08
347,1.45883e-06,1.41873e-07,5.14553e-08
348,1.47974e-06,1.43486e-07,5.23793e-08
349,1.46921e-06,1.43461e-07,5.21003e-08
350,1.53754e-06,1.47943e-07,5.37229e-08
351,1.52877e-06,1.44749e-07,5.2037e-08
352,1.49567e-06,1.43864e-07,5.17273e-08
353,1.49124e-06,1.47853e-07,5.35524e-08
354,1.49027e-06,1.4565e-07,5.66667e-08
355,1.54747e-06,1.51454e-07,5.48479e-08
356,1.5603e-06,1.47671e-07,5.77388e-08
357,1.50621e-06,1.47773e-07,5.32493e-08
358,1.50643e-06,1.4669e-07,5.41844e-08
359,1.5204e-06,1.45387e-07,5.35655e-08
360,1.57176e-06,1.50381e-07,5.29306e-08
361,1.59076e-06,1.46698e-07,5.27701e-08
362,1.52047e-06,1.44807e-07,5.33425e-08
363,1.53567e-06,1.53912e-07,5.50992e-08
364,1.53133e-06,1.4486e-07,5.25824e-08
365,1.53392e-06,1.51279e-07,5.30164e-08
366,1.56444e-06,1.4523e-07,5.41475e-08
367,1.5796e-06,1.44937e-07,5.27956e-08
368,1.60334e-06,1.4728e-07,5.30109e-08
369,1.62298e-06,1.529e-07,5.54905e-08
370,1.57684e-06,1.52084e-07,5.4027e-08
371,1.71725e-06,1.55329e-07,5.26253e-08
372,1.52313e-06,1.4493e-07,5.10806e-08
373,1.52735e-06,1.41062e-07,5.11046e-08
374,1.6432e-06,1.42754e-07,5.24037e-08
375,1.53487e-06,1.39595e-07,5.21627e-08
376,1.54011e-06,1.44447e-07,5.25186e-08
377,1.56274e-06,1.43844e-07,5.23528e-08
378,1.77993e-06,1.45331e-07,5.24339e-08
379,1.56007e-06,1.4796e-07,5.26966e-08
380,1.55663e-06,1.43434e-07,5.20789e-08
381,1.57896e-06,1.41454e-07,5.13465e-08
382,1.56386e-06,1.44827e-07,5.17199e-08
383,1.56793e-06,1.42256e-07,5.13316e-08
384,1.57738e-06,1.47828e-07,5.27734e-08
385,2.15165e-06,3.48343e-07,5.61091e-08
386,1.61898e-06,2.74935e-07,6.77876e-08
387,1.68416e-06,2.51481e-07,9.31499e-08
388,1.58971e-06,1.55688e-07,5.27191e-08
389,1.59218e-06,1.43116e-07,5.36375e-08
390,1.6163e-06,1.48726e-07,5.10949e-08
391,1.60327e-06,1.45821e-07,5.19335e-08
392,1.6249e-06,1.44538e-07,5.11939e-08
393,1.60939e-06,1.57992e-07,5.35242e-08
394,1.62759e-06,1.44234e-07,5.13299e-08
395,1.63617e-06,1.46129e-07,5.2438e-08
396,1.62031e-06,1.42586e-07,5.18737e-08
397,1.92408e-06,1.43416e-07,5.11914e-08
398,1.64725e-06,1.56188e-07,5.21005e-08
399,1.63327e-06,1.42341e-07,4.98546e-08
400,1.63753e-06,1.42975e-07,5.156e-08
401,1.6418e-06,1.43499e-07,5.15262e-08
402,1.64597e-06,1.43888e-07,5.29005e-08
403,1.65114e-06,1.4506e-07,5.14069e-08
404,1.65975e-06,1.43153e-07,5.1505e-08
405,1.6571e-06,1.43862e-07,5.13185e-08
406,1.66421e-06,1.4198e-07,5.13966e-08
407,1.68731e-06,1.42919e-07,5.20098e-08
408,1.67014e-06,1.45858e-07,5.07132e-08
409,1.69253e-06,1.4623e-07,5.13521e-08
410,1.67589e-06,1.43041e-07,5.20488e-08
411,1.68815e-06,1.49119e-07,5.08613e-08
412,1.90213e-06,1.53485e-07,5.44709e-08
413,1.69923e-06,1.46983e-07,5.17143e-08
414,1.69378e-06,1.45343e-07,5.14227e-08
415,1.70995e-06,1.49472e-07,5.09229e-08
416,1.71244e-06,1.47264e-07,5.22115e-08
417,1.72652e-06,1.46722e-07,5.20839e-08
418,1.70937e-06,1.45211e-07,5.2366e-08
419,1.71454e-06,1.4484e-07,5.13842e-08
420,1.72128e-06,1.4124e-07,5.2569e-08
421,1.72184e-06,1.44131e-07,5.1791e-08
422,1.72457e-06,1.44419e-07,5.17725e-08
423,1.73806e-06,1.48307e-07,5.17825e-08
424,1.73302e-06,1.44203e-07,5.19929e-08
425,1.74794e-06,1.46094e-07,5.14118e-08
426,1.76323e-06,1.48265e-07,5.20986e-08
427,1.75216e-06,1.51068e-07,5.2733e-08
428,1.74978e-06,1.44979e-07,5.2493e-08
429,1.75585e-06,1.43667e-07,5.19371e-08
430,1.75996e-06,1.48067e-07,5.35023e-08
431,1.76451e-06,1.48796e-07,5.09606e-08
432,2.04098e-06,1.49211e-07,5.46782e-08
433,1.77078e-06,1.47266e-07,5.18337e-08
434,1.77339e-06,1.43756e-07,5.11682e-08
435,1.78148e-06,1.4709e-07,5.19011e-08
436,1.78232e-06,1.45516e-07,5.15023e-08
437,1.79539e-06,1.45659e-07,5.19474e-08
438,1.79045e-06,1.45795e-07,5.18219e-08
439,1.79522e-06,1.42308e-07,5.23508e-08
440,1.7979e-06,1.4328e-07,5.05227e-08
441,1.8042e-06,1.46628e-07,5.16599e-08
442,1.82572e-06,1.43731e-07,5.16244e-08
443,1.82078e-06,1.46594e-07,5.26095e-08
444,1.81674e-06,1.50727e-07,5.2295e-08
445,1.82033e-06,1.44903e-07,5.29888e-08
446,1.82527e-06,1.45738e-07,5.15314e-08
447,1.84932e-06,1.48049e-07,5.19217e-08
448,1.83467e-06,1.48029e-07,5.19375e-08
449,1.85724e-06,1.46528e-07,5.22294e-08
450,1.861e-06,1.48207e-07,5.32844e-08
451,1.85413e-06,1.44455e-07,5.2306e-08
452,1.84563e-06,1.44195e-07,5.19181e-08
453,1.85571e-06,1.46574e-07,5.18543e-08
454,1.85457e-06,1.50438e-07,5.19339e-08
455,1.90681e-06,1.47022e-07,5.2589e-08
456,1.86991e-06,1.49675e-07,5.18794e-08
457,2.03153e-06,1.46628e-07,5.25208e-08
458,1.90408e-06,1.48017e-07,5.35218e-08
459,1.89691e-06,1.46359e-07,5.08845e-08
460,1.8851e-06,1.44224e-07,5.20761e-08
461,1.88331e-06,1.44785e-07,5.13579e-08
462,1.88611e-06,1.46693e-07,5.20866e-08
463,1.90091e-06,1.47903e-07,5.19266e-08
464,1.9075e-06,1.46922e-07,5.19052e-08
465,1.92109e-06,1.44249e-07,5.19849e-08
466,1.90467e-06,1.44852e-07,5.27382e-08
467,1.9073e-06,1.43606e-07,5.33191e-08
468,1.91148e-06,1.47141e-07,5.2203e-08
469,1.91661e-06,1.47371e-07,5.10618e-08
470,1.91916e-06,1.47921e-07,5.18553e-08
471,1.9341e-06,1.45512e-07,5.22845e-08
472,1.92829e-06,1.4835e-07,5.1464e-08
473,1.94845e-06,1.49131e-07,5.22579e-08
474,1.9351e-06,1.46696e-07,5.20042e-08
475,1.94195e-06,1.46133e-07,5.11726e-08
476,1.96796e-06,1.45924e-07,5.19601e-08
477,1.96893e-06,1.49463e-07,5.34214e-08
478,1.99207e-06,1.46331e-07,5.24121e-08
479,1.95575e-06,1.45096e-07,5.23653e-08
480,1.97312e-06,1.50302e-07,5.1575e-08
481,1.96178e-06,1.48426e-07,5.18773e-08
482,1.97007e-06,1.471e-07,5.17158e-08
483,1.98158e-06,1.47333e-07,5.27826e-08
484,2.07568e-06,1.50244e-07,5.20455e-08
485,2.00183e-06,1.46008e-07,5.41485e-08
486,1.98492e-06,1.50582e-07,5.30638e-08
487,1.99036e-06,1.47218e-07,5.17002e-08
488,1.99569e-06,1.4977e-07,5.22684e-08
489,2.00068e-06,1.47569e-07,5.27035e-08
490,1.99907e-06,1.48424e-07,5.19837e-08
491,2.01177e-06,1.47405e-07,5.2613e-08
492,2.00782e-06,1.46526e-07,5.11423e-08
493,2.01303e-06,1.4742e-07,5.1785e-08
494,2.01527e-06,1.45113e-07,5.14777e-08
495,2.02714e-06,1.4638e-07,5.11879e-08
496,2.02376e-06,1.45468e-07,5.15242e-08
497,2.02801e-06,1.46233e-07,5.09698e-08
498,2.03466e-06,1.44558e-07,5.23554e-08
499,2.037e-06,2.76064e-07,5.27836e-08
500,2.06389e-06,1.44556e-07,5.1352e-08
501,2.09337e-06,1.47699e-07,5.17505e-08
502,2.05377e-06,1.4701e-07,5.2749e-08
503,2.06056e-06,1.456e-07,5.22445e-08
504,2.05736e-06,1.45236e-07,5.16865e-08
505,2.06201e-06,1.48923e-07,5.17921e-08
506,2.06824e-06,1.45391e-07,5.21838e-08
507,2.07085e-06,1.50961e-07,5.14458e-08
508,2.03931e-06,1.49915e-07,5.19094e-08
509,2.0775e-06,1.52422e-07,5.26444e-08
510,2.10786e-06,1.49308e-07,5.23647e-08
511,2.08799e-06,1.46693e-07,5.31526e-08
512,2.11271e-06,1.49273e-07,5.1707e-08
513,2.09331e-06,1.45444e-07,5.23684e-08
514,2.17996e-06,1.47196e-07,5.193e-08
515,2.15251e-06,1.44986e-07,5.22272e-08
516,2.12049e-06,1.4549e-07,5.34457e-08
517,2.11012e-06,1.45277e-07,5.24159e-08
518,2.11383e-06,1.45757e-07,5.10579e-08
519,2.12912e-06,1.43266e-07,5.11503e-08
520,2.08135e-06,1.44475e-07,5.11096e-08
521,2.07773e-06,1.46121e-07,5.22745e-08
522,2.08313e-06,2.97215e-07,5.20651e-08
523,2.0954e-06,1.43294e-07,5.29101e-08
524,2.09151e-06,1.45284e-07,5.1395e-08
525,2.09291e-06,1.4311e-07,5.12076e-08
526,2.09914e-06,1.48089e-07,5.07034e-08
527,2.10921e-06,1.43239e-07,5.1351e-08
528,2.31482e-06,1.45142e-07,5.12292e-08
529,2.24684e-06,1.47641e-07,5.26352e-08
530,2.11146e-06,1.45583e-07,5.14585e-08
531,2.19193e-06,1.48247e-07,5.14953e-08
532,2.17122e-06,1.45872e-07,5.13346e-08
533,2.18323e-06,1.43023e-07,5.06867e-08
534,2.27677e-06,1.50348e-07,5.19382e-08
535,2.20075e-06,1.48234e-07,5.17364e-08
536,2.18157e-06,1.43687e-07,5.11119e-08
537,2.1933e-06,1.47022e-07,5.2622e-08
538,2.2214e-06,1.4623e-07,5.13903e-08
539,2.1834e-06,1.48694e-07,5.31725e-08
540,2.21402e-06,1.47617e-07,5.22389e-08
541,2.27262e-06,1.55778e-07,5.38133e-08
542,2.34626e-06,1.45e-07,5.19262e-08
543,2.23194e-06,1.45258e-07,5.08711e-08
544,2.28269e-06,1.55401e-07,5.37022e-08
545,2.22422e-06,1.46895e-07,5.23431e-08
546,2.23583e-06,1.49712e-07,5.22601e-08
547,2.24061e-06,1.46514e-07,5.27441e-08
548,2.2591e-06,1.48536e-07,5.27774e-08
549,2.23015e-06,1.43368e-07,4.99945e-08
550,2.29384e-06,1.5256e-07,5.24273e-08
551,2.25704e-06,1.50076e-07,5.21815e-08
552,2.20357e-06,1.45415e-07,5.10163e-08
553,2.31444e-06,1.47743e-07,5.30072e-08
554,2.49799e-06,1.54182e-07,5.24567e-08
555,2.21508e-06,1.46921e-07,5.13063e-08
556,2.27094e-06,1.55205e-07,5.32698e-08
557,2.30727e-06,1.50794e-07,5.18761e-08
558,2.25495e-06,1.49029e-07,5.14892e-08
559,2.36314e-06,1.47168e-07,5.25295e-08
560,2.30619e-06,1.50159e-07,5.26732e-08
561,2.29272e-06,1.48734e-07,5.08235e-08
562,2.23858e-06,1.46192e-07,5.15641e-08
563,2.35904e-06,1.54146e-07,5.27513e-08
564,2.30189e-06,1.5208e-07,5.21082e-08
565,2.36861e-06,1.47655e-07,5.17611e-08
566,2.74971e-06,1.65141e-07,5.2417e-08
567,2.27691e-06,1.45268e-07,5.12857e-08
568,2.39742e-06,1.45857e-07,1.09153e-07
569,2.38605e-06,1.45958e-07,5.23568e-08
570,2.33313e-06,1.52977e-07,5.77474e-08
571,2.41185e-06,1.50448e-07,5.42767e-08
572,2.3802e-06,1.48448e-07,5.28077e-08
573,2.39108e-06,1.51965e-07,5.33735e-08
574,2.49674e-06,1.53678e-07,5.43955e-08
575,2.42131e-06,1.51605e-07,5.42643e-08
576,2.41891e-06,1.52865e-07,5.39531e-08
577,2.42302e-06,1.48272e-07,5.31334e-08
578,2.45284e-06,1.50192e-07,5.17595e-08
579,2.37473e-06,1.48204e-07,5.32314e-08
580,2.38964e-06,1.47283e-07,5.25034e-08
581,2.36935e-06,1.4662e-07,5.16747e-08
582,2.3981e-06,1.47998e-07,5.33162e-08
583,2.38462e-06,1.49099e-07,5.21252e-08
584,2.38316e-06,1.48019e-07,5.24572e-08
585,2.38549e-06,1.4735e-07,5.14017e-08
586,2.39603e-06,1.47541e-07,5.17645e-08
587,2.39223e-06,1.4723e-07,5.19097e-08
588,2.40477e-06,1.47964e-07,5.15085e-08
589,2.41438e-06,2.27012e-07,8.13973e-08
590,2.40536e-06,1.47305e-07,5.2961e-08
591,2.41e-06,1.47738e-07,5.24264e-08
592,2.50018e-06,1.5141e-07,5.15997e-08
593,2.44154e-06,1.49059e-07,5.27774e-08
594,2.42352e-06,1.49037e-07,5.20471e-08
595,2.4328e-06,1.52249e-07,5.19714e-08
596,2.43183e-06,1.49909e-07,5.30638e-08
597,2.59617e-06,1.62903e-07,5.47002e-08
598,2.50244e-06,2.03318e-07,7.05819e-08
599,2.63533e-06,1.97391e-07,6.00785e-08
600,2.5181e-06,1.51782e-07,5.3835e-08
601,2.47334e-06,1.49892e-07,5.31614e-08
602,2.47497e-06,1.56282e-07,5.37159e-08
603,2.46464e-06,1.47706e-07,5.31493e-08
604,2.46627e-06,1.56313e-07,5.28642e-08
605,2.52335e-06,1.47843e-07,5.3714e-08
606,2.49604e-06,1.54221e-07,5.22393e-08
607,2.54129e-06,1.48789e-07,5.35288e-08
608,2.48126e-06,1.47878e-07,5.25641e-08
609,2.48457e-06,1.49512e-07,5.24614e-08
610,2.48916e-06,1.48428e-07,5.24459e-08
611,2.56547e-06,1.51717e-07,5.30933e-08
612,2.50912e-06,1.50279e-07,5.27222e-08
613,2.52514e-06,1.4986e-07,5.39217e-08
614,2.50314e-06,1.48581e-07,5.46938e-08
615,2.51334e-06,1.50859e-07,5.2161e-08
616,2.5803e-06,1.47508e-07,5.27711e-08
617,2.52528e-06,1.4924e-07,5.26305e-08
618,2.52572e-06,1.50162e-07,5.2178e-08
619,2.52342e-06,1.50307e-07,5.17884e-08
620,2.75125e-06,1.54687e-07,5.20694e-08
621,2.69967e-06,2.63243e-07,5.37311e-08
622,2.55448e-06,1.49492e-07,5.28441e-08
623,2.56252e-06,1.49228e-07,5.20658e-08
624,2.55351e-06,1.48595e-07,5.18894e-08
625,2.54809e-06,1.51256e-07,5.30384e-08
626,2.55653e-06,1.52096e-07,5.19297e-08
627,2.57812e-06,1.53166e-07,5.22887e-08
628,2.58038e-06,1.49697e-07,5.22755e-08
629,2.58957e-06,1.51475e-07,5.31176e-08
630,2.65029e-06,1.50756e-07,5.20444e-08
631,2.57706e-06,1.53959e-07,5.27797e-08
632,2.57806e-06,1.52271e-07,5.30934e-08
633,2.59255e-06,1.50305e-07,5.31343e-08
634,2.74598e-06,1.53836e-07,5.23975e-08
635,2.5938e-06,1.53455e-07,5.28882e-08
636,2.60643e-06,1.49684e-07,5.14041e-08
637,2.62207e-06,1.5037e-07,5.22841e-08
638,2.68167e-06,1.50447e-07,5.29357e-08
639,2.60916e-06,1.50333e-07,5.14038e-08
640,2.61295e-06,1.50284e-07,5.24922e-08
641,2.63201e-06,1.50732e-07,5.21014e-08
642,2.63918e-06,1.54028e-07,5.25763e-08
643,2.6316e-06,1.52827e-07,5.21151e-08
644,2.77499e-06,1.51472e-07,5.29037e-08
645,2.64849e-06,1.50526e-07,5.42822e-08
646,2.63494e-06,1.51591e-07,5.30604e-08
647,2.64662e-06,1.50964e-07,5.27991e-08
648,2.64306e-06,1.52471e-07,5.2679e-08
649,2.6737e-06,1.53362e-07,5.33467e-08
650,2.72505e-06,1.52512e-07,5.25369e-08
651,2.7209e-06,1.52103e-07,5.22842e-08
652,2.6624e-06,1.52135e-07,5.27393e-08
653,2.67019e-06,1.54619e-07,5.57458e-08
654,2.66874e-06,1.51138e-07,5.20199e-08
655,2.67293e-06,1.52779e-07,5.3858e-08
656,2.68185e-06,1.5052e-07,5.18628e-08
657,2.6887e-06,1.59613e-07,5.5e-08
658,2.68749e-06,1.54973e-07,5.24605e-08
659,2.74834e-06,1.54449e-07,5.40091e-08
660,2.71606e-06,1.52924e-07,5.18424e-08
661,2.7101e-06,1.54738e-07,5.3171e-08
662,2.72267e-06,1.50421e-07,5.24335e-08
663,2.70952e-06,1.54756e-07,5.20468e-08
664,2.71917e-06,1.55643e-07,5.33976e-08
665,2.7232e-06,1.52971e-07,5.22406e-08
666,2.72014e-06,1.54107e-07,5.38453e-08
667,2.75122e-06,1.52327e-07,5.3018e-08
668,2.77289e-06,1.51024e-07,5.18728e-08
669,2.73821e-06,1.56164e-07,5.21719e-08
670,2.77546e-06,1.52745e-07,5.23896e-08
671,2.80644e-06,1.72498e-07,5.24098e-08
672,2.80615e-06,1.54783e-07,5.7314e-08
673,2.83274e-06,1.59342e-07,5.28024e-08
674,2.76875e-06,1.51561e-07,5.27982e-08
675,2.82249e-06,1.52439e-07,5.15156e-08
676,2.82958e-06,1.5245e-07,5.26154e-08
677,2.78968e-06,1.58118e-07,5.39513e-08
678,2.79308e-06,1.55743e-07,5.21003e-08
679,2.81686e-06,1.56931e-07,5.3592e-08
680,2.82909e-06,1.57746e-07,5.31338e-08
681,2.84574e-06,1.55652e-07,5.37709e-08
682,2.8501e-06,1.55582e-07,5.38079e-08
683,2.85454e-06,1.55389e-07,5.38419e-08
684,2.85635e-06,1.51494e-07,5.28041e-08
685,2.80378e-06,1.74977e-07,5.44409e-08
686,2.8746e-06,1.58025e-07,5.44621e-08
687,2.84409e-06,1.5248e-07,5.28617e-08
688,2.89218e-06,1.57343e-07,5.45712e-08
689,2.88366e-06,1.58321e-07,5.28244e-08
690,2.88373e-06,1.56019e-07,5.35275e-08
691,2.86555e-06,1.53758e-07,5.3055e-08
692,2.9383e-06,1.58308e-07,5.43324e-08
693,2.92318e-06,1.54747e-07,5.19683e-08
694,2.90201e-06,1.52095e-07,5.21758e-08
695,2.84685e-06,1.49321e-07,5.14014e-08
696,2.89775e-06,1.50453e-07,5.26207e-08
697,2.84959e-06,1.50825e-07,5.28565e-08
698,2.84783e-06,1.51676e-07,5.21032e-08
699,2.86045e-06,1.51609e-07,5.34049e-08
700,2.8576e-06,1.52636e-07,5.55214e-08
701,2.86211e-06,1.52451e-07,5.27518e-08
702,2.87543e-06,1.52732e-07,5.35028e-08
703,2.86951e-06,1.50772e-07,5.34068e-08
704,2.89276e-06,1.52634e-07,5.14318e-08
705,2.93635e-06,1.52163e-07,5.28241e-08
706,2.88444e-06,1.52955e-07,5.37011e-08
707,2.88951e-06,1.52962e-07,5.26337e-08
708,2.89206e-06,1.52602e-07,5.39718e-08
709,2.90107e-06,1.53049e-07,5.23653e-08
710,2.90198e-06,1.5129e-07,5.20056e-08
711,2.90723e-06,1.53015e-07,5.11617e-08
712,2.90913e-06,1.50886e-07,5.27711e-08
713,2.91652e-06,1.52492e-07,5.27798e-08
714,2.91587e-06,1.56147e-07,5.16036e-08
715,2.92179e-06,2.51189e-07,7.33455e-08
716,2.92089e-06,1.52809e-07,5.26802e-08
717,2.92658e-06,1.53874e-07,5.37378e-08
718,2.93847e-06,1.52904e-07,5.23788e-08
719,2.93641e-06,1.53054e-07,5.2975e-08
720,2.94134e-06,1.52815e-07,5.18556e-08
721,3.03421e-06,1.53624e-07,5.18336e-08
722,2.94645e-06,1.51629e-07,5.27548e-08
723,2.97317e-06,1.50725e-07,5.19516e-08
724,2.95995e-06,1.55438e-07,5.44779e-08
725,2.96203e-06,1.51444e-07,5.34441e-08
726,3.07447e-06,1.55026e-07,5.33182e-08
727,2.96863e-06,1.52648e-07,5.29367e-08
728,2.98097e-06,1.52578e-07,5.14258e-08
729,2.97846e-06,1.54772e-07,5.33333e-08
730,2.98629e-06,1.47988e-07,5.09425e-08
731,2.92637e-06,1.50059e-07,5.14446e-08
732,2.97443e-06,1.52146e-07,5.28948e-08
733,2.96514e-06,1.55357e-07,5.20614e-08
734,3.01632e-06,1.48188e-07,5.06594e-08
735,2.99884e-06,1.55788e-07,5.40694e-08
736,3.06993e-06,1.52535e-07,5.18179e-08
737,3.0648e-06,1.69075e-07,5.19661e-08
738,3.00304e-06,1.53588e-07,5.17425e-08
739,3.10096e-06,1.48418e-07,5.08674e-08
740,3.04123e-06,1.54192e-07,5.37311e-08
741,3.03194e-06,1.5298e-07,5.28097e-08
742,3.02642e-06,1.51941e-07,5.36698e-08
743,3.09765e-06,1.51787e-07,5.18304e-08
744,3.03391e-06,1.58043e-07,5.38737e-08
745,3.09032e-06,1.5275e-07,5.18255e-08
746,3.0934e-06,1.70784e-07,5.27466e-08
747,3.04968e-06,1.55888e-07,5.27992e-08
748,3.05306e-06,1.53471e-07,5.23864e-08
749,3.06103e-06,1.52693e-07,5.20668e-08
750,3.1005e-06,1.56741e-07,5.6552e-08
751,3.0685e-06,1.54896e-07,5.31491e-08
752,3.15373e-06,1.51141e-07,5.02593e-08
753,3.07578e-06,1.5071e-07,5.05471e-08
754,3.18708e-06,1.62111e-07,5.65809e-08
755,3.09024e-06,1.65354e-07,5.48914e-08
756,3.28895e-06,1.72959e-07,5.79881e-08
757,3.28889e-06,1.6653e-07,5.51493e-08
758,3.09491e-06,1.58706e-07,5.30567e-08
759,3.11554e-06,1.6144e-07,5.22108e-08
760,3.1096e-06,1.5985e-07,5.36237e-08
761,3.10977e-06,1.56988e-07,5.31721e-08
762,3.17165e-06,1.57699e-07,5.43609e-08
763,3.12486e-06,1.54004e-07,5.22936e-08
764,3.14601e-06,1.57467e-07,5.33037e-08
765,3.12752e-06,1.54937e-07,5.29752e-08
766,3.13045e-06,1.54336e-07,5.24804e-08
767,3.13332e-06,1.54183e-07,5.45997e-08
768,3.13209e-06,1.53488e-07,5.2582e-08
769,3.14223e-06,1.5364e-07,5.27724e-08
770,3.14295e-06,1.55849e-07,5.13429e-08
771,3.26571e-06,1.56872e-07,5.23774e-08
772,3.17786e-06,1.5565e-07,5.17772e-08
773,3.15651e-06,1.52776e-07,5.17749e-08
774,3.1694e-06,1.56317e-07,5.27145e-08
775,3.16599e-06,1.55208e-07,5.19845e-08
776,3.41853e-06,1.5762e-07,5.22384e-08
777,3.17488e-06,1.53372e-07,5.18057e-08
778,3.19937e-06,1.57897e-07,5.14409e-08
779,3.18695e-06,1.52065e-07,5.25584e-08
780,3.18564e-06,1.53282e-07,5.17077e-08
781,3.19466e-06,1.52378e-07,5.20474e-08
782,3.20571e-06,1.52162e-07,5.25102e-08
783,3.1985e-06,1.52656e-07,5.11149e-08
784,3.21167e-06,1.54434e-07,5.10332e-08
785,3.20866e-06,1.54754e-07,5.36739e-08
786,3.21278e-06,1.52809e-07,5.26361e-08
787,3.23275e-06,1.54578e-07,5.3108e-08
788,3.217e-06,1.55957e-07,5.44289e-08
789,3.22063e-06,1.54866e-07,5.33498e-08
790,3.23405e-06,1.56684e-07,5.23278e-08
791,3.29219e-06,1.5787e-07,5.11808e-08
792,3.23484e-06,1.5479e-07,5.28699e-08
793,3.23854e-06,1.54832e-07,5.31828e-08
794,3.25984e-06,1.52203e-07,5.30151e-08
795,3.24686e-06,1.52314e-07,5.14478e-08
796,3.25003e-06,1.52832e-07,5.26193e-08
797,3.32555e-06,1.53902e-07,5.2867e-08
798,3.26388e-06,1.60276e-07,5.31015e-08
799,3.27081e-06,1.55239e-07,5.33605e-08
800,3.27285e-06,1.56262e-07,5.22963e-08
801,3.27607e-06,1.54395e-07,5.2824e-08
802,3.32557e-06,1.56698e-07,5.17656e-08
803,3.28633e-06,1.55527e-07,5.19938e-08
804,3.30317e-06,1.53398e-07,5.17985e-08
805,3.34209e-06,2.19323e-07,5.27689e-08
806,3.29737e-06,1.56452e-07,5.16886e-08
807,3.29979e-06,1.5787e-07,5.39542e-08
808,3.30442e-06,1.52e-07,5.05545e-08
809,3.30462e-06,1.54879e-07,5.25624e-08
810,3.30898e-06,1.51511e-07,5.16074e-08
811,3.31272e-06,2.55091e-07,5.22084e-08
812,3.41692e-06,1.61526e-07,5.37094e-08
813,3.4894e-06,1.6885e-07,5.55867e-08
814,3.37863e-06,1.6442e-07,5.30172e-08
815,3.3319e-06,1.57566e-07,5.22748e-08
816,3.36761e-06,1.65325e-07,5.34093e-08
817,3.33653e-06,1.55382e-07,5.27087e-08
818,3.34694e-06,1.54762e-07,5.31907e-08
819,3.34292e-06,1.54199e-07,5.16337e-08
820,3.35263e-06,1.58018e-07,5.14159e-08
821,3.36075e-06,1.56639e-07,5.32789e-08
822,3.357e-06,1.57127e-07,5.12214e-08
823,3.37562e-06,1.55696e-07,5.21689e-08
824,3.57832e-06,1.58318e-07,8.93228e-08
825,3.79139e-06,1.67469e-07,5.22109e-08
826,3.5145e-06,1.64298e-07,5.20424e-08
827,3.37838e-06,1.59692e-07,5.32261e-08
828,3.42672e-06,1.59168e-07,5.29686e-08
829,3.38536e-06,1.54455e-07,5.32786e-08
830,3.40323e-06,1.59678e-07,5.25566e-08
831,3.49239e-06,1.60266e-07,5.27377e-08
832,3.42171e-06,1.5728e-07,5.57296e-08
833,3.4008e-06,1.55737e-07,5.16375e-08
834,3.41834e-06,1.55766e-07,5.18393e-08
835,3.40738e-06,1.53653e-07,5.16359e-08
836,3.41774e-06,1.54368e-07,5.22069e-08
837,3.4429e-06,1.53863e-07,5.11685e-08
838,3.42062e-06,1.55117e-07,5.09785e-08
839,3.47963e-06,1.61424e-07,5.31538e-08
840,3.43552e-06,1.57305e-07,1.0408e-07
841,3.43719e-06,1.56058e-07,5.23615e-08
842,3.43657e-06,1.57994e-07,5.15321e-08
843,3.49549e-06,1.60963e-07,5.37295e-08
844,3.50582e-06,1.61002e-07,5.43969e-08
845,3.53479e-06,1.59781e-07,5.51467e-08
846,3.54031e-06,1.59236e-07,5.40213e-08
847,3.55508e-06,1.52851e-07,5.23719e-08
848,3.46905e-06,1.52111e-07,5.22901e-08
849,3.47201e-06,1.54362e-07,5.23168e-08
850,3.54154e-06,1.72608e-07,5.36988e-08
851,3.57225e-06,1.59937e-07,5.39753e-08
852,3.61828e-06,1.63061e-07,5.47371e-08
853,3.6372e-06,1.6408e-07,5.55487e-08
854,3.63778e-06,1.62124e-07,5.52763e-08
855,3.64881e-06,1.65608e-07,5.48772e-08
856,3.67277e-06,1.69291e-07,5.39416e-08
857,3.67393e-06,1.62533e-07,5.46441e-08
858,3.74319e-06,1.66752e-07,5.43788e-08
859,3.70121e-06,1.54077e-07,5.15367e-08
860,3.60693e-06,1.53669e-07,5.2364e-08
861,3.57328e-06,1.53695e-07,5.17294e-08
862,3.59292e-06,1.58269e-07,5.30626e-08
863,3.71092e-06,1.63386e-07,5.50533e-08
864,3.67993e-06,1.6602e-07,5.52141e-08
865,3.73741e-06,1.69705e-07,5.66578e-08
866,3.72792e-06,1.64091e-07,5.49192e-08
867,3.78613e-06,1.66341e-07,5.44221e-08
868,3.78319e-06,1.73573e-07,5.725e-08
869,3.79575e-06,1.76773e-07,7.66951e-08
870,3.82071e-06,1.75493e-07,5.83264e-08
871,3.72695e-06,1.60672e-07,5.34501e-08
872,3.70044e-06,1.61923e-07,6.86984e-08
873,3.66804e-06,1.54305e-07,5.23391e-08
874,3.70686e-06,1.68114e-07,5.5349e-08
875,3.81813e-06,1.69032e-07,5.60857e-08
876,3.80354e-06,1.69283e-07,5.80023e-08
877,3.75696e-06,1.63505e-07,5.39042e-08
878,3.84998e-06,1.69182e-07,5.51412e-08
879,3.79058e-06,1.69931e-07,5.51638e-08
880,3.6172e-06,1.57275e-07,5.2342e-08
881,3.60565e-06,1.66101e-07,5.43019e-08
882,3.62051e-06,1.56797e-07,5.38277e-08
883,3.61871e-06,1.54456e-07,5.23511e-08
884,3.61301e-06,1.54585e-07,5.3302e-08
885,3.61729e-06,1.53694e-07,5.27751e-08
886,3.7343e-06,1.57524e-07,5.15451e-08
887,3.64828e-06,1.56684e-07,5.46629e-08
888,3.72319e-06,1.55206e-07,5.20473e-08
889,3.63468e-06,1.6006e-07,5.38065e-08
890,3.63575e-06,1.61143e-07,5.12416e-08
891,3.66342e-06,1.60754e-07,5.19675e-08
892,3.69377e-06,1.63679e-07,5.22287e-08
893,3.65658e-06,1.57548e-07,5.23516e-08
894,3.65416e-06,1.54792e-07,5.08535e-08
895,3.67203e-06,1.54585e-07,5.16737e-08
896,3.66e-06,1.53364e-07,5.12946e-08
897,3.66025e-06,1.5639e-07,5.27291e-08
898,3.68308e-06,1.584e-07,5.14065e-08
899,3.78344e-06,1.6118e-07,5.17197e-08
900,3.69173e-06,1.6246e-07,5.25556e-08
901,3.68026e-06,1.57147e-07,5.41465e-08
902,3.70464e-06,1.59527e-07,5.57439e-08
903,3.76333e-06,1.61235e-07,5.28394e-08
904,3.69086e-06,1.5736e-07,5.06914e-08
905,3.71241e-06,1.57158e-07,5.41967e-08
906,3.69795e-06,1.55073e-07,5.14592e-08
907,3.71584e-06,1.54825e-07,5.1e-08
908,3.76047e-06,1.56972e-07,5.08513e-08
909,3.71364e-06,1.57052e-07,5.43762e-08
910,3.76322e-06,1.6141e-07,5.3122e-08
911,3.82382e-06,1.61659e-07,5.53732e-08
912,4.08001e-06,2.01818e-07,1.98466e-07
913,4.66287e-06,2.17434e-07,7.37963e-08
914,4.3752e-06,2.15385e-07,1.26996e-07
915,4.48628e-06,3.44954e-07,5.97803e-08
916,4.2698e-06,3.79592e-07,1.44781e-07
917,4.3505e-06,1.87751e-07,5.84253e-08
918,4.10058e-06,2.26499e-07,6.95033e-08
919,3.89815e-06,1.95432e-07,5.458e-08
920,3.83227e-06,1.57862e-07,5.23924e-08
921,3.7717e-06,1.58264e-07,5.14745e-08
922,3.77011e-06,1.59857e-07,5.2269e-08
923,3.77608e-06,1.576e-07,5.4312e-08
924,3.77286e-06,1.59137e-07,5.29372e-08
925,3.77914e-06,1.59354e-07,5.26638e-08
926,3.78775e-06,1.56096e-07,5.24492e-08
927,3.78445e-06,1.53881e-07,5.13786e-08
928,3.80626e-06,1.55044e-07,5.16746e-08
929,3.7943e-06,1.57634e-07,5.19785e-08
930,3.85892e-06,1.58669e-07,5.14398e-08
931,3.92069e-06,1.62815e-07,5.43749e-08
932,3.90185e-06,1.61008e-07,5.2073e-08
933,3.93621e-06,1.67224e-07,5.32208e-08
934,3.91319e-06,1.61839e-07,5.28929e-08
935,4.01496e-06,1.66631e-07,5.38652e-08
936,3.93683e-06,1.70749e-07,5.53173e-08
937,3.8957e-06,1.55279e-07,5.17086e-08
938,3.90819e-06,1.58958e-07,5.23923e-08
939,3.88332e-06,1.5533e-07,5.1361e-08
940,4.03127e-06,1.60511e-07,5.27213e-08
941,4.01037e-06,1.66645e-07,5.48704e-08
942,3.99471e-06,1.60754e-07,5.23397e-08
943,4.00785e-06,1.65911e-07,5.48834e-08
944,3.99503e-06,1.67242e-07,5.6018e-08
945,4.04763e-06,1.65595e-07,5.56942e-08
946,4.0519e-06,1.6574e-07,5.5055e-08
947,3.95104e-06,1.59363e-07,6.6415e-08
948,3.92935e-06,1.56486e-07,5.15264e-08
949,4.02046e-06,1.54863e-07,5.19737e-08
950,4.03858e-06,1.72706e-07,5.64663e-08
951,4.06853e-06,1.70373e-07,5.47382e-08
952,4.03718e-06,1.6822e-07,5.48634e-08
953,4.05961e-06,1.63356e-07,5.46611e-08
954,4.09079e-06,1.66957e-07,5.71069e-08
955,4.10117e-06,1.65543e-07,5.58995e-08
956,3.9184e-06,1.72639e-07,6.01119e-08
957,3.94683e-06,1.72695e-07,1.19095e-07
958,3.93072e-06,1.72017e-07,5.51263e-08
959,3.93097e-06,1.76583e-07,5.60313e-08
960,3.93088e-06,2.18943e-07,8.69177e-08
961,4.12269e-06,1.68276e-07,5.68783e-08
962,4.14343e-06,1.66956e-07,5.43462e-08
963,3.9319e-06,1.62631e-07,5.4297e-08
964,4.02153e-06,1.61237e-07,5.32033e-08
965,4.09702e-06,1.61146e-07,5.21865e-08
966,3.95377e-06,1.58864e-07,5.41501e-08
967,3.96079e-06,1.57486e-07,5.16556e-08
968,3.95557e-06,1.59544e-07,5.50052e-08
969,4.02707e-06,1.73206e-07,5.61352e-08
970,4.11895e-06,1.70459e-07,5.64412e-08
971,4.13893e-06,1.8151e-07,5.58208e-08
972,4.23968e-06,1.68698e-07,5.50103e-08
973,4.16948e-06,1.65928e-07,5.50236e-08
974,4.27514e-06,1.87344e-07,5.68676e-08
975,4.23248e-06,1.66517e-07,5.47969e-08
976,4.29056e-06,1.67686e-07,5.59867e-08
977,4.1118e-06,1.58623e-07,5.36776e-08
978,4.0851e-06,1.57002e-07,5.13374e-08
979,4.16305e-06,1.6378e-07,5.48917e-08
980,4.31407e-06,1.67785e-07,5.75939e-08
981,4.30729e-06,1.8103e-07,5.45657e-08
982,4.26667e-06,1.65648e-07,5.4112e-08
983,4.27107e-06,1.69639e-07,5.58759e-08
984,4.26338e-06,1.72288e-07,5.5813e-08
985,4.29336e-06,1.74581e-07,5.7536e-08
986,4.22641e-06,1.59429e-07,5.24361e-08
987,4.1807e-06,1.5914e-07,5.34478e-08
988,4.13402e-06,1.66184e-07,5.43036e-08
989,4.30454e-06,1.79851e-07,5.4911e-08
990,4.33493e-06,1.66139e-07,5.42232e-08
991,4.34929e-06,1.77368e-07,5.70868e-08
992,4.329e-06,1.75592e-07,5.66502e-08
993,4.34007e-06,1.732e-07,5.66818e-08
994,4.37362e-06,1.77293e-07,5.63068e-08
995,4.35714e-06,1.60744e-07,5.31266e-08
996,4.23367e-06,1.59523e-07,5.36496e-08
997,4.24203e-06,1.62247e-07,5.24443e-08
998,4.2875e-06,1.71798e-07,5.75391e-08
999,4.37966e-06,1.6706e-07,5.42272e-08
1000,4.372e-06,1.73191e-07,5.6661e-08
